{
  "ablation_denominators": {
    "A": 330,
    "B": 330,
    "C": 330,
    "D": 330
  },
  "affected_case_ids": [
    "EVAL-L1-S2101",
    "EVAL-L1-S2102",
    "EVAL-L1-S2103",
    "EVAL-L1-S2104",
    "EVAL-L1-S2105",
    "EVAL-L1-S2106",
    "EVAL-L1-S2107",
    "EVAL-L1-S2108",
    "EVAL-L1-S2109",
    "EVAL-L1-S2110",
    "EVAL-L2-S2201",
    "EVAL-L2-S2202",
    "EVAL-L2-S2203",
    "EVAL-L2-S2204",
    "EVAL-L2-S2205",
    "EVAL-L2-S2206",
    "EVAL-L2-S2207",
    "EVAL-L2-S2208",
    "EVAL-L2-S2209",
    "EVAL-L2-S2210",
    "EVAL-L3-S2301",
    "EVAL-L3-S2302",
    "EVAL-L3-S2303",
    "EVAL-L3-S2304",
    "EVAL-L3-S2305",
    "EVAL-L3-S2306",
    "EVAL-L3-S2307",
    "EVAL-L3-S2308",
    "EVAL-L3-S2309",
    "EVAL-L3-S2310"
  ],
  "affected_case_ids_by_fix": {
    "EVAL-ABLATION-DENOM-01": [
      "EVAL-L1-S2101",
      "EVAL-L1-S2102",
      "EVAL-L1-S2103",
      "EVAL-L1-S2104",
      "EVAL-L1-S2105",
      "EVAL-L1-S2106",
      "EVAL-L1-S2107",
      "EVAL-L1-S2108",
      "EVAL-L1-S2109",
      "EVAL-L1-S2110",
      "EVAL-L2-S2201",
      "EVAL-L2-S2202",
      "EVAL-L2-S2203",
      "EVAL-L2-S2204",
      "EVAL-L2-S2205",
      "EVAL-L2-S2206",
      "EVAL-L2-S2207",
      "EVAL-L2-S2208",
      "EVAL-L2-S2209",
      "EVAL-L2-S2210",
      "EVAL-L3-S2301",
      "EVAL-L3-S2302",
      "EVAL-L3-S2303",
      "EVAL-L3-S2304",
      "EVAL-L3-S2305",
      "EVAL-L3-S2306",
      "EVAL-L3-S2307",
      "EVAL-L3-S2308",
      "EVAL-L3-S2309",
      "EVAL-L3-S2310"
    ],
    "EVAL-GEO-PAIR-01": [
      "EVAL-L1-S2102",
      "EVAL-L2-S2202",
      "EVAL-L2-S2206",
      "EVAL-L3-S2308"
    ]
  },
  "analysis_git": {
    "commit": "9d147e30aa33a7c3571a83174d6b18a557662880",
    "dirty": false,
    "tag": "analysis-v1.0.2"
  },
  "analysis_revision": "post-freeze-evaluator-fix-2",
  "analyzed_record_count": 120,
  "corrected_metrics": {
    "ablations": {
      "A": {
        "admissible_secondary": 0,
        "f1": 0.625,
        "fn": 180,
        "fp": 0,
        "precision": 1.0,
        "recall": 0.454545455,
        "tp": 150
      },
      "B": {
        "admissible_secondary": 0,
        "f1": 0.777777778,
        "fn": 120,
        "fp": 0,
        "precision": 1.0,
        "recall": 0.636363636,
        "tp": 210
      },
      "C": {
        "admissible_secondary": 0,
        "f1": 0.9,
        "fn": 60,
        "fp": 0,
        "precision": 1.0,
        "recall": 0.818181818,
        "tp": 270
      },
      "D": {
        "admissible_secondary": 0,
        "f1": 1.0,
        "fn": 0,
        "fp": 0,
        "precision": 1.0,
        "recall": 1.0,
        "tp": 330
      }
    },
    "full_pipeline": {
      "admissible_secondary": 0,
      "f1": 1.0,
      "fn": 0,
      "fp": 0,
      "precision": 1.0,
      "recall": 1.0,
      "tp": 330
    },
    "geometry": {
      "f1": 1.0,
      "fn": 0,
      "fp": 0,
      "precision": 1.0,
      "recall": 1.0,
      "tp": 60
    }
  },
  "corrected_raw_results_sha256": "sha256:fd1fb788c67d231a6d344c9297ba730058c419c7473d4b32f13276261229d33c",
  "detector_inputs_changed": false,
  "detector_outputs_changed": false,
  "detector_rerun": false,
  "engine_record_count": 120,
  "fixes": [
    {
      "description": "Use the preregistered sorted raw GlobalId pair for GEO-01 matching; retain STEP IDs for audit when a GlobalId is duplicated by R01.",
      "id": "EVAL-GEO-PAIR-01"
    },
    {
      "description": "Keep every primary fault in every ablation recall denominator while filtering predictions by enabled scope.",
      "id": "EVAL-ABLATION-DENOM-01"
    }
  ],
  "frozen_engine_run": {
    "commit": "40f1f7a991e592511033a480c6799516578a45f8",
    "protocol_hash": "sha256:d18cf856bde7879d6887091fb4851502d3979ab998ef6f96d6eb22c86c275b36",
    "tag": "protocol-v1",
    "tag_commit": "40f1f7a991e592511033a480c6799516578a45f8"
  },
  "measured_run_count": 1200,
  "post_freeze_metric_interpretation": {
    "description": "Supported-rule family macro-F1 is reported only as a post-freeze sensitivity metric because the protocol did not freeze zero-support rule handling.",
    "hypothesis_status": "NOT_CONCLUSIVE",
    "id": "METRIC-MACRO-SENSITIVITY-01"
  },
  "pre_fix_raw_results": {
    "path": "raw_results_pre_analysis_fix.jsonl",
    "sha256": "sha256:58dcf7dc75246c9e884f4ad31be8709ff480e58c37a811d569f0fa779f7df1e9"
  },
  "preliminary_metrics": {
    "ablations": {
      "A": {
        "admissible_secondary": 0,
        "f1": 1.0,
        "fn": 0,
        "fp": 0,
        "precision": 1.0,
        "recall": 1.0,
        "tp": 150
      },
      "B": {
        "admissible_secondary": 0,
        "f1": 1.0,
        "fn": 0,
        "fp": 0,
        "precision": 1.0,
        "recall": 1.0,
        "tp": 210
      },
      "C": {
        "admissible_secondary": 0,
        "f1": 0.985185185,
        "fn": 4,
        "fp": 4,
        "precision": 0.985185185,
        "recall": 0.985185185,
        "tp": 266
      },
      "D": {
        "admissible_secondary": 0,
        "f1": 0.987878788,
        "fn": 4,
        "fp": 4,
        "precision": 0.987878788,
        "recall": 0.987878788,
        "tp": 326
      }
    },
    "full_pipeline": {
      "admissible_secondary": 0,
      "f1": 0.987878788,
      "fn": 4,
      "fp": 4,
      "precision": 0.987878788,
      "recall": 0.987878788,
      "tp": 326
    },
    "geometry": {
      "f1": 0.933333333,
      "fn": 4,
      "fp": 4,
      "precision": 0.933333333,
      "recall": 0.933333333,
      "tp": 56
    }
  },
  "primary_fault_denominator": 330,
  "raw_engine_results": {
    "path": "raw_engine_results.jsonl",
    "readback_verified": true,
    "records_canonical_sha256": "sha256:5e6f1e1a78889943c1a24e793e673b4f22db5f44ee94eb81b665c01071ab4b1f",
    "sha256": "sha256:87b7d2edfda50dbe1c6d09bfd63f0cc9995df623911c62340115c3fe9d98b32e"
  },
  "reanalyzed_at_utc": "2026-07-12T11:18:31.713022+00:00",
  "run_fingerprint_groups_verified": 120,
  "schema_version": "openbim-analysis-audit-v1",
  "source_raw_results": {
    "external_path": "C:\\Users\\thats\\AppData\\Local\\Temp\\datumguard-analysis-v102-9d147e3\\docs\\awards-2026\\evidence\\raw_results_pre_analysis_fix.jsonl",
    "sha256": "sha256:58dcf7dc75246c9e884f4ad31be8709ff480e58c37a811d569f0fa779f7df1e9"
  },
  "thresholds_changed": false,
  "truth_changed": false
}
